username,available,status,method,timestamp
tljh,False,Taken (API ‚ùå),API,2025-09-26T17:05:28.459981
y3qd,False,Taken (Profile),Profile,2025-09-26T17:05:35.791922
rh3r,False,Taken (Profile),Profile,2025-09-26T17:05:35.996770
nzgp,False,Taken (Profile),Profile,2025-09-26T17:05:39.773400
oq9e,False,Taken (Profile),Profile,2025-09-26T17:05:47.054600
z92n,False,Taken (Profile),Profile,2025-09-26T17:05:48.128705
k3m8,False,Taken (Profile),Profile,2025-09-26T17:05:50.329709
eyi7,False,Taken (Profile),Profile,2025-09-26T17:05:59.332535
vy7u,False,Taken (Profile),Profile,2025-09-26T17:05:59.754144
v0zw,False,Taken (Profile),Profile,2025-09-26T17:06:03.335791
a3gu,False,Taken (Profile),Profile,2025-09-26T17:06:10.846806
3qmb,False,Taken (Profile),Profile,2025-09-26T17:06:11.227905
sv2r,False,Taken (Profile),Profile,2025-09-26T17:06:15.105348
qc3p,False,Taken (Profile),Profile,2025-09-26T17:06:22.897006
u2b9,False,Taken (Profile),Profile,2025-09-26T17:06:23.769093
o_1d,False,Taken (Profile),Profile,2025-09-26T17:06:24.912591
5nmh,False,Taken (Profile),Profile,2025-09-26T17:06:34.397091
2lrx,False,Taken (Profile),Profile,2025-09-26T17:06:34.635595
c3qn,False,Taken (Profile),Profile,2025-09-26T17:06:35.058513
1zkm,False,Taken (Profile),Profile,2025-09-26T17:06:43.555306
a8b0,False,Taken (Profile),Profile,2025-09-26T17:06:46.713060
k6pn,False,Taken (Profile),Profile,2025-09-26T17:06:47.276850
l5xg,False,Taken (Profile),Profile,2025-09-26T17:07:10.560214
ej4n,False,Taken (Profile),Profile,2025-09-26T17:07:10.593685
m8ye,False,Taken (Profile),Profile,2025-09-26T17:07:10.615435
p7uw,False,Taken (Profile),Profile,2025-09-26T17:07:21.179142
0bzn,False,Taken (Profile),Profile,2025-09-26T17:07:21.871559
nd6r,False,Taken (Profile),Profile,2025-09-26T17:07:22.965267
gzq8,False,Taken (Profile),Profile,2025-09-26T17:07:32.638938
4xey,False,Taken (Profile),Profile,2025-09-26T17:07:33.117371
qf1t,False,Taken (Profile),Profile,2025-09-26T17:07:34.118803
3hcu,False,Taken (Profile),Profile,2025-09-26T17:07:41.756280
d7om,False,Taken (Profile),Profile,2025-09-26T17:07:44.272226
9wtb,False,Taken (Profile),Profile,2025-09-26T17:07:44.872859
r4ge,False,Taken (Profile),Profile,2025-09-26T17:07:53.031334
u8ql,False,Taken (Profile),Profile,2025-09-26T17:07:56.074345
5_jo,False,Taken (Profile),Profile,2025-09-26T17:07:56.793024
sm2p,False,Taken (Profile),Profile,2025-09-26T17:08:04.529884
t6wr,False,Taken (Profile),Profile,2025-09-26T17:08:08.015968
jv1n,False,Taken (Profile),Profile,2025-09-26T17:08:08.914806
0kzc,False,Taken (Profile),Profile,2025-09-26T17:08:16.757562
2jcr,False,Taken (Profile),Profile,2025-09-26T17:08:19.181258
v7be,False,Taken (Profile),Profile,2025-09-26T17:08:19.374892
my9h,False,Taken (Profile),Profile,2025-09-26T17:08:28.770957
z4uk,False,Taken (Profile),Profile,2025-09-26T17:08:30.100367
xg0p,False,Taken (Profile),Profile,2025-09-26T17:08:31.891194
7nho,False,Taken (Profile),Profile,2025-09-26T17:08:38.159218
p2vd,False,Taken (Profile),Profile,2025-09-26T17:08:42.980564
5lqm,False,Taken (Profile),Profile,2025-09-26T17:08:43.380324
q8fr,False,Taken (Profile),Profile,2025-09-26T17:08:50.147723
o1ts,False,Taken (Profile),Profile,2025-09-26T17:08:54.221430
n6cz,False,Taken (Profile),Profile,2025-09-26T17:08:54.753821
e7rk,False,Taken (Profile),Profile,2025-09-26T17:09:00.104931
fx9n,False,Taken (Profile),Profile,2025-09-26T17:09:05.140167
3pvl,False,Taken (Profile),Profile,2025-09-26T17:09:06.896519
h4um,False,Taken (Profile),Profile,2025-09-26T17:09:11.539762
b1qz,False,Taken (Profile),Profile,2025-09-26T17:09:14.488116
yt8k,False,Taken (Profile),Profile,2025-09-26T17:09:17.620968
rv2o,False,Taken (Profile),Profile,2025-09-26T17:09:23.910059
9xle,False,Taken (Profile),Profile,2025-09-26T17:09:25.231770
jc6m,False,Taken (Profile),Profile,2025-09-26T17:09:27.489159
d8wh,False,Taken (Profile),Profile,2025-09-26T17:09:35.039406
2qfg,False,Taken (Profile),Profile,2025-09-26T17:09:36.496421
o3yx,False,Taken (Profile),Profile,2025-09-26T17:09:38.584399
kz5p,False,Taken (Profile),Profile,2025-09-26T17:09:47.279408
5svo,False,Taken (Profile),Profile,2025-09-26T17:09:47.806517
m9er,False,Taken (Profile),Profile,2025-09-26T17:09:52.152383
0jqd,False,Taken (Profile),Profile,2025-09-26T17:09:57.035632
t1lp,False,Taken (Profile),Profile,2025-09-26T17:10:00.897268
4hyg,False,Taken (Profile),Profile,2025-09-26T17:10:04.065385
uz6e,False,Taken (Profile),Profile,2025-09-26T17:10:09.482778
vb3r,False,Taken (Profile),Profile,2025-09-26T17:10:15.030999
1wql,False,Taken (Profile),Profile,2025-09-26T17:10:17.298856
ae8k,False,Taken (Profile),Profile,2025-09-26T17:10:19.245171
z2fp,False,Taken (Profile),Profile,2025-09-26T17:10:25.878590
c4hv,False,Taken (Profile),Profile,2025-09-26T17:10:28.619937
n9dt,False,Taken (Profile),Profile,2025-09-26T17:10:28.900796
jr1o,False,Taken (Profile),Profile,2025-09-26T17:10:38.858271
7bmu,False,Taken (Profile),Profile,2025-09-26T17:10:39.618666
l0xp,False,Taken (Profile),Profile,2025-09-26T17:10:40.963337
3sze,False,Taken (Profile),Profile,2025-09-26T17:10:48.216213
gt5y,False,Taken (Profile),Profile,2025-09-26T17:10:52.497028
ko2j,False,Taken (Profile),Profile,2025-09-26T17:10:53.776077
p6vd,False,Taken (Profile),Profile,2025-09-26T17:11:01.919429
8hfr,False,Taken (Profile),Profile,2025-09-26T17:11:03.442709
dy1c,False,Taken (Profile),Profile,2025-09-26T17:11:03.566322
r7qk,False,Taken (Profile),Profile,2025-09-26T17:11:13.928435
